File,Base complexity,Predicates with operators,Nested levels,Complex code structures,Third-Party calls,Inter_dependencies,Intra_dependencies,Log
dataset/cruxeval_transformation_new/sample_0.py-db549e8cd8eb53472357f238ecd4e5cb4ece67c9044fb7e928ef50b815cb9a29,4,0,0,6,5,0,0,existing_benchmarks//cruxeval/140a3681064f42ef36bfb5f5781510cb38929857/dataset_cruxeval_transformation_new_sample_0.py-db549e8cd8eb53472357f238ecd4e5cb4ece67c9044fb7e928ef50b815cb9a29.log
dataset/cruxeval_transformation_new/sample_103.py-3493ad01ddf3b6f0749c98593bbfc48730d0aab717b73d7a86f43a4b0c2e78a7,3,0,0,6,7,0,0,existing_benchmarks//cruxeval/140a3681064f42ef36bfb5f5781510cb38929857/dataset_cruxeval_transformation_new_sample_103.py-3493ad01ddf3b6f0749c98593bbfc48730d0aab717b73d7a86f43a4b0c2e78a7.log
dataset/cruxeval_transformation_new/sample_10.py-2767154049bd43c5ca1c3fa8912e65ac05ba22ce70d99c1d9455fe402c3d7591,6,2,3,6,7,1,0,existing_benchmarks//cruxeval/140a3681064f42ef36bfb5f5781510cb38929857/dataset_cruxeval_transformation_new_sample_10.py-2767154049bd43c5ca1c3fa8912e65ac05ba22ce70d99c1d9455fe402c3d7591.log
dataset/cruxeval_transformation_new/sample_117.py-4e9260e60437228bdf0173b1167d297de70714d3dfb46a066f1ca4ed9a4006a0,7,3,1,7,2,0,2,existing_benchmarks//cruxeval/140a3681064f42ef36bfb5f5781510cb38929857/dataset_cruxeval_transformation_new_sample_117.py-4e9260e60437228bdf0173b1167d297de70714d3dfb46a066f1ca4ed9a4006a0.log
dataset/cruxeval_transformation_new/sample_119.py-a1b67e212b91ec89fe03953e9fd1b452ae9ebe3534eb4922e960b68941555e59,7,3,1,7,2,0,2,existing_benchmarks//cruxeval/140a3681064f42ef36bfb5f5781510cb38929857/dataset_cruxeval_transformation_new_sample_119.py-a1b67e212b91ec89fe03953e9fd1b452ae9ebe3534eb4922e960b68941555e59.log
dataset/cruxeval_transformation_new/sample_121.py-3e594a41ad7d66470f70c94d6bf9460f6ce445ddbd0cb4b5169112352f413451,5,2,1,9,4,0,0,existing_benchmarks//cruxeval/140a3681064f42ef36bfb5f5781510cb38929857/dataset_cruxeval_transformation_new_sample_121.py-3e594a41ad7d66470f70c94d6bf9460f6ce445ddbd0cb4b5169112352f413451.log
dataset/cruxeval_transformation_new/sample_126.py-ef23ebcef7783e3afc69aa50c0f2eded067d7c8fea78ca4a2220a82cbd4d993a,3,0,0,5,3,1,2,existing_benchmarks//cruxeval/140a3681064f42ef36bfb5f5781510cb38929857/dataset_cruxeval_transformation_new_sample_126.py-ef23ebcef7783e3afc69aa50c0f2eded067d7c8fea78ca4a2220a82cbd4d993a.log
dataset/cruxeval_transformation_new/sample_127.py-1a9b76a1a0f1de2068b7d5b1b7aefeff51bdb756158018875de6ca8d46b18c7f,3,0,0,5,7,0,0,existing_benchmarks//cruxeval/140a3681064f42ef36bfb5f5781510cb38929857/dataset_cruxeval_transformation_new_sample_127.py-1a9b76a1a0f1de2068b7d5b1b7aefeff51bdb756158018875de6ca8d46b18c7f.log
dataset/cruxeval_transformation_new/sample_129.py-b33579eea25024818bc1f2af5076106220f82b59ed67509acd50c03e2f194cf3,6,1,0,7,8,0,0,existing_benchmarks//cruxeval/140a3681064f42ef36bfb5f5781510cb38929857/dataset_cruxeval_transformation_new_sample_129.py-b33579eea25024818bc1f2af5076106220f82b59ed67509acd50c03e2f194cf3.log
dataset/cruxeval_transformation_new/sample_134.py-5a5fb11f36bb3cc0ca0aa06fdeeb8f6849bd9084fbc81300f167dd5c5d6727c9,8,3,6,5,2,0,0,existing_benchmarks//cruxeval/140a3681064f42ef36bfb5f5781510cb38929857/dataset_cruxeval_transformation_new_sample_134.py-5a5fb11f36bb3cc0ca0aa06fdeeb8f6849bd9084fbc81300f167dd5c5d6727c9.log
dataset/cruxeval_transformation_new/sample_13.py-a3c9e44ce306bdfd530688dae978bad5e8a939e5e698dbc2c8950dbfc2a504c3,7,1,3,6,4,1,0,existing_benchmarks//cruxeval/140a3681064f42ef36bfb5f5781510cb38929857/dataset_cruxeval_transformation_new_sample_13.py-a3c9e44ce306bdfd530688dae978bad5e8a939e5e698dbc2c8950dbfc2a504c3.log
dataset/cruxeval_transformation_new/sample_140.py-ec8a73b6e9f4d21a7cb3d4935631786fc7ce97b65171bc04063761448e9b89e5,6,3,3,5,3,0,0,existing_benchmarks//cruxeval/140a3681064f42ef36bfb5f5781510cb38929857/dataset_cruxeval_transformation_new_sample_140.py-ec8a73b6e9f4d21a7cb3d4935631786fc7ce97b65171bc04063761448e9b89e5.log
dataset/cruxeval_transformation_new/sample_141.py-ac1189eaa7539c8b0a9758251a76337695cbc2a4a2eda1714d8a91ede005367a,3,0,0,6,8,0,0,existing_benchmarks//cruxeval/140a3681064f42ef36bfb5f5781510cb38929857/dataset_cruxeval_transformation_new_sample_141.py-ac1189eaa7539c8b0a9758251a76337695cbc2a4a2eda1714d8a91ede005367a.log
dataset/cruxeval_transformation_new/sample_144.py-c9125075dfe9d832c7ba025c7f0ca6e18ddd67234e6e77031e7ee5f96bd7f740,6,0,0,7,8,0,0,existing_benchmarks//cruxeval/140a3681064f42ef36bfb5f5781510cb38929857/dataset_cruxeval_transformation_new_sample_144.py-c9125075dfe9d832c7ba025c7f0ca6e18ddd67234e6e77031e7ee5f96bd7f740.log
dataset/cruxeval_transformation_new/sample_147.py-d74753d70941dfa2d4c9620ae6ecda6928d76dd421d353c7323e8f28cc395c6a,4,0,0,7,5,1,1,existing_benchmarks//cruxeval/140a3681064f42ef36bfb5f5781510cb38929857/dataset_cruxeval_transformation_new_sample_147.py-d74753d70941dfa2d4c9620ae6ecda6928d76dd421d353c7323e8f28cc395c6a.log
dataset/cruxeval_transformation_new/sample_152.py-1c3bd9ab22874a9bf018175b20206f523db7b2cee8b38a14abe4c8019e7f8378,7,1,3,6,4,1,0,existing_benchmarks//cruxeval/140a3681064f42ef36bfb5f5781510cb38929857/dataset_cruxeval_transformation_new_sample_152.py-1c3bd9ab22874a9bf018175b20206f523db7b2cee8b38a14abe4c8019e7f8378.log
dataset/cruxeval_transformation_new/sample_153.py-7a71489623b2946657ce0c26bbd6aa8676529088a334fc77062bdbfbf9bd2420,3,0,0,3,3,1,4,existing_benchmarks//cruxeval/140a3681064f42ef36bfb5f5781510cb38929857/dataset_cruxeval_transformation_new_sample_153.py-7a71489623b2946657ce0c26bbd6aa8676529088a334fc77062bdbfbf9bd2420.log
dataset/cruxeval_transformation_new/sample_157.py-b84b087c16c5fffd8e1808f34787083d26b38824c5bbbbab7a32315abe33367c,8,2,6,5,4,1,0,existing_benchmarks//cruxeval/140a3681064f42ef36bfb5f5781510cb38929857/dataset_cruxeval_transformation_new_sample_157.py-b84b087c16c5fffd8e1808f34787083d26b38824c5bbbbab7a32315abe33367c.log
dataset/cruxeval_transformation_new/sample_158.py-5e5854862987fce5c8b3986a876070e73f6e5be2b597aec149731971ee4b67f5,6,4,6,5,4,1,0,existing_benchmarks//cruxeval/140a3681064f42ef36bfb5f5781510cb38929857/dataset_cruxeval_transformation_new_sample_158.py-5e5854862987fce5c8b3986a876070e73f6e5be2b597aec149731971ee4b67f5.log
dataset/cruxeval_transformation_new/sample_166.py-72cedb90b45e30e8e514a82efa58128d0969793a2a41dbb1e8853a6417862619,5,0,1,5,6,0,0,existing_benchmarks//cruxeval/140a3681064f42ef36bfb5f5781510cb38929857/dataset_cruxeval_transformation_new_sample_166.py-72cedb90b45e30e8e514a82efa58128d0969793a2a41dbb1e8853a6417862619.log
dataset/cruxeval_transformation_new/sample_171.py-ea7806a4295fd6e53d2561bea7e39aa805b5c6e7f7f3e9c63e31fdc9760bc189,5,1,0,6,3,0,2,existing_benchmarks//cruxeval/140a3681064f42ef36bfb5f5781510cb38929857/dataset_cruxeval_transformation_new_sample_171.py-ea7806a4295fd6e53d2561bea7e39aa805b5c6e7f7f3e9c63e31fdc9760bc189.log
dataset/cruxeval_transformation_new/sample_177.py-2717d9b775d37b56de98e42b5dfb02c21d9bb1ffceefa16022c027d5f807ade1,7,3,1,7,2,0,2,existing_benchmarks//cruxeval/140a3681064f42ef36bfb5f5781510cb38929857/dataset_cruxeval_transformation_new_sample_177.py-2717d9b775d37b56de98e42b5dfb02c21d9bb1ffceefa16022c027d5f807ade1.log
dataset/cruxeval_transformation_new/sample_179.py-938b6e758bc95aac91f5a9e9cf7ba88cbdad0c9810763edbec5b6dce6538576d,6,1,0,7,2,0,4,existing_benchmarks//cruxeval/140a3681064f42ef36bfb5f5781510cb38929857/dataset_cruxeval_transformation_new_sample_179.py-938b6e758bc95aac91f5a9e9cf7ba88cbdad0c9810763edbec5b6dce6538576d.log
dataset/cruxeval_transformation_new/sample_182.py-186cfd3c49a7c72d92197d5b16927f1788f072f018a1670783e5633110f07480,3,0,0,7,8,0,0,existing_benchmarks//cruxeval/140a3681064f42ef36bfb5f5781510cb38929857/dataset_cruxeval_transformation_new_sample_182.py-186cfd3c49a7c72d92197d5b16927f1788f072f018a1670783e5633110f07480.log
dataset/cruxeval_transformation_new/sample_189.py-b8f598f7c6060e0c6d8f8bc894dd01bda4977c3f8c543297f06e1f2ca3e38393,6,2,3,5,5,0,0,existing_benchmarks//cruxeval/140a3681064f42ef36bfb5f5781510cb38929857/dataset_cruxeval_transformation_new_sample_189.py-b8f598f7c6060e0c6d8f8bc894dd01bda4977c3f8c543297f06e1f2ca3e38393.log
dataset/cruxeval_transformation_new/sample_194.py-f1c644dae0f74ff552ec7c943bbe744d38b9ccdd90d027fed0667ae830854cb1,3,0,0,6,6,0,0,existing_benchmarks//cruxeval/140a3681064f42ef36bfb5f5781510cb38929857/dataset_cruxeval_transformation_new_sample_194.py-f1c644dae0f74ff552ec7c943bbe744d38b9ccdd90d027fed0667ae830854cb1.log
dataset/cruxeval_transformation_new/sample_196.py-a6c56e6c818df448f8988c91c60ae550cab458b1ae3d3187befab5825abc9c86,10,2,3,5,3,0,0,existing_benchmarks//cruxeval/140a3681064f42ef36bfb5f5781510cb38929857/dataset_cruxeval_transformation_new_sample_196.py-a6c56e6c818df448f8988c91c60ae550cab458b1ae3d3187befab5825abc9c86.log
dataset/cruxeval_transformation_new/sample_197.py-926db86c19c00dc02e55124c3667404ce4d3d0273c1a605cde251752bce3252e,4,0,0,7,5,1,1,existing_benchmarks//cruxeval/140a3681064f42ef36bfb5f5781510cb38929857/dataset_cruxeval_transformation_new_sample_197.py-926db86c19c00dc02e55124c3667404ce4d3d0273c1a605cde251752bce3252e.log
dataset/cruxeval_transformation_new/sample_201.py-c2a644a2f488e7fb4d8244b9c8017ab8ea4869f5432a0321a9353be10e1b2106,6,1,3,4,4,0,0,existing_benchmarks//cruxeval/140a3681064f42ef36bfb5f5781510cb38929857/dataset_cruxeval_transformation_new_sample_201.py-c2a644a2f488e7fb4d8244b9c8017ab8ea4869f5432a0321a9353be10e1b2106.log
dataset/cruxeval_transformation_new/sample_203.py-84e00aab1dbcb07ef5f0f5f973baa5ebd99e9146aa44b96c8ec4ab39df750b55,3,0,0,5,6,0,0,existing_benchmarks//cruxeval/140a3681064f42ef36bfb5f5781510cb38929857/dataset_cruxeval_transformation_new_sample_203.py-84e00aab1dbcb07ef5f0f5f973baa5ebd99e9146aa44b96c8ec4ab39df750b55.log
dataset/cruxeval_transformation_new/sample_211.py-ea68449005102c432dedf2efe9e8fa5d77cbbb604d58f585a334567587f5d9d3,7,2,3,6,4,1,0,existing_benchmarks//cruxeval/140a3681064f42ef36bfb5f5781510cb38929857/dataset_cruxeval_transformation_new_sample_211.py-ea68449005102c432dedf2efe9e8fa5d77cbbb604d58f585a334567587f5d9d3.log
dataset/cruxeval_transformation_new/sample_21.py-c1b69ec57a05ef9f8a2061fece893390355cbceb2de8a8dc0f1a583e28356e71,3,0,0,6,6,0,0,existing_benchmarks//cruxeval/140a3681064f42ef36bfb5f5781510cb38929857/dataset_cruxeval_transformation_new_sample_21.py-c1b69ec57a05ef9f8a2061fece893390355cbceb2de8a8dc0f1a583e28356e71.log
dataset/cruxeval_transformation_new/sample_226.py-23a0fd216bdec7ddf307b21a3507460d5ea021aa5acff0e416050ad2626568d1,7,3,1,7,2,0,2,existing_benchmarks//cruxeval/140a3681064f42ef36bfb5f5781510cb38929857/dataset_cruxeval_transformation_new_sample_226.py-23a0fd216bdec7ddf307b21a3507460d5ea021aa5acff0e416050ad2626568d1.log
dataset/cruxeval_transformation_new/sample_227.py-1bfd97e6f8c2cb1af3fd51b68d4820effa360b9a5334900374c0256c9ec7b754,3,0,0,5,2,1,3,existing_benchmarks//cruxeval/140a3681064f42ef36bfb5f5781510cb38929857/dataset_cruxeval_transformation_new_sample_227.py-1bfd97e6f8c2cb1af3fd51b68d4820effa360b9a5334900374c0256c9ec7b754.log
dataset/cruxeval_transformation_new/sample_229.py-1f89061353425c4b4d594c281350c990b1937bd7df0c351b976c91c28937e744,7,3,6,6,2,0,0,existing_benchmarks//cruxeval/140a3681064f42ef36bfb5f5781510cb38929857/dataset_cruxeval_transformation_new_sample_229.py-1f89061353425c4b4d594c281350c990b1937bd7df0c351b976c91c28937e744.log
dataset/cruxeval_transformation_new/sample_244.py-65e1486369baac1a375508cc1b12829cc2d0ff3671327a96e9ae7a303888da71,7,2,6,4,4,1,0,existing_benchmarks//cruxeval/140a3681064f42ef36bfb5f5781510cb38929857/dataset_cruxeval_transformation_new_sample_244.py-65e1486369baac1a375508cc1b12829cc2d0ff3671327a96e9ae7a303888da71.log
dataset/cruxeval_transformation_new/sample_249.py-f44a5e82c0c35fdeb163a1afa2ee10d2065258c3ee4ca6a047b26b0872f94982,6,0,1,6,9,1,1,existing_benchmarks//cruxeval/140a3681064f42ef36bfb5f5781510cb38929857/dataset_cruxeval_transformation_new_sample_249.py-f44a5e82c0c35fdeb163a1afa2ee10d2065258c3ee4ca6a047b26b0872f94982.log
dataset/cruxeval_transformation_new/sample_258.py-91e128fde7410abbaf2737cffac00ee8bf8b5193f552a6a9698dc45bb5f82fd6,6,2,0,8,5,1,0,existing_benchmarks//cruxeval/140a3681064f42ef36bfb5f5781510cb38929857/dataset_cruxeval_transformation_new_sample_258.py-91e128fde7410abbaf2737cffac00ee8bf8b5193f552a6a9698dc45bb5f82fd6.log
dataset/cruxeval_transformation_new/sample_259.py-9d0ae7c2da7810109ea4f5919ba1b11ee84f898d9aa5882dd03b1490be7ee6aa,7,2,2,7,3,0,1,existing_benchmarks//cruxeval/140a3681064f42ef36bfb5f5781510cb38929857/dataset_cruxeval_transformation_new_sample_259.py-9d0ae7c2da7810109ea4f5919ba1b11ee84f898d9aa5882dd03b1490be7ee6aa.log
dataset/cruxeval_transformation_new/sample_260.py-3c31c923052779d2fe57e0052a863f7171f8475ebd52b32e7eb92ace15d9201d,4,0,0,5,6,1,2,existing_benchmarks//cruxeval/140a3681064f42ef36bfb5f5781510cb38929857/dataset_cruxeval_transformation_new_sample_260.py-3c31c923052779d2fe57e0052a863f7171f8475ebd52b32e7eb92ace15d9201d.log
dataset/cruxeval_transformation_new/sample_262.py-af0578cc3c380fba9067970fa9f75d876dd614f83a7d61e4d462b3f414ac16ed,6,1,0,8,2,0,3,existing_benchmarks//cruxeval/140a3681064f42ef36bfb5f5781510cb38929857/dataset_cruxeval_transformation_new_sample_262.py-af0578cc3c380fba9067970fa9f75d876dd614f83a7d61e4d462b3f414ac16ed.log
dataset/cruxeval_transformation_new/sample_264.py-62010134b05c8cfdc88a560038ba3b6748f9cf9ec126d2e360359455171e390b,3,0,0,5,6,0,0,existing_benchmarks//cruxeval/140a3681064f42ef36bfb5f5781510cb38929857/dataset_cruxeval_transformation_new_sample_264.py-62010134b05c8cfdc88a560038ba3b6748f9cf9ec126d2e360359455171e390b.log
dataset/cruxeval_transformation_new/sample_276.py-1908d19fd472055fb1f18d151608db2bbd770e54877263f55b8385c8351ba894,4,1,0,5,7,0,0,existing_benchmarks//cruxeval/140a3681064f42ef36bfb5f5781510cb38929857/dataset_cruxeval_transformation_new_sample_276.py-1908d19fd472055fb1f18d151608db2bbd770e54877263f55b8385c8351ba894.log
dataset/cruxeval_transformation_new/sample_281.py-325a94d10c987489fe3f1771d4a0b8a7642359077737c8ee2aecdf7a52befada,6,3,3,5,3,0,0,existing_benchmarks//cruxeval/140a3681064f42ef36bfb5f5781510cb38929857/dataset_cruxeval_transformation_new_sample_281.py-325a94d10c987489fe3f1771d4a0b8a7642359077737c8ee2aecdf7a52befada.log
dataset/cruxeval_transformation_new/sample_282.py-286523b8b36561c59af74dd7961a0eefab9320a36d95e6c2aeed4826d3bc2bd5,6,1,0,8,7,1,1,existing_benchmarks//cruxeval/140a3681064f42ef36bfb5f5781510cb38929857/dataset_cruxeval_transformation_new_sample_282.py-286523b8b36561c59af74dd7961a0eefab9320a36d95e6c2aeed4826d3bc2bd5.log
dataset/cruxeval_transformation_new/sample_283.py-f2392dc0dcef0c99faec28171b1fa1599a4c4575e0a993d56974ed4632a18e9c,6,3,3,6,4,0,0,existing_benchmarks//cruxeval/140a3681064f42ef36bfb5f5781510cb38929857/dataset_cruxeval_transformation_new_sample_283.py-f2392dc0dcef0c99faec28171b1fa1599a4c4575e0a993d56974ed4632a18e9c.log
dataset/cruxeval_transformation_new/sample_285.py-762f622ca46dbeeafd2fa1f11d76cb0654333f28451e496e7fa08c0564609874,3,0,0,5,6,0,0,existing_benchmarks//cruxeval/140a3681064f42ef36bfb5f5781510cb38929857/dataset_cruxeval_transformation_new_sample_285.py-762f622ca46dbeeafd2fa1f11d76cb0654333f28451e496e7fa08c0564609874.log
dataset/cruxeval_transformation_new/sample_295.py-fadd15ad16d717e38ad2d098738aafeb95e885684586e8dca0afc6004233838c,6,3,3,5,3,0,0,existing_benchmarks//cruxeval/140a3681064f42ef36bfb5f5781510cb38929857/dataset_cruxeval_transformation_new_sample_295.py-fadd15ad16d717e38ad2d098738aafeb95e885684586e8dca0afc6004233838c.log
dataset/cruxeval_transformation_new/sample_302.py-7803b67c350312e29c8449144a72dc37a444c39806050600159b4e26d0bfb676,3,0,0,5,7,0,0,existing_benchmarks//cruxeval/140a3681064f42ef36bfb5f5781510cb38929857/dataset_cruxeval_transformation_new_sample_302.py-7803b67c350312e29c8449144a72dc37a444c39806050600159b4e26d0bfb676.log
dataset/cruxeval_transformation_new/sample_308.py-60bb456a4fb1ef1ba806d8d615eda0f55d5d676cc7d9df52820d0c27fbf5012c,7,3,6,5,2,0,0,existing_benchmarks//cruxeval/140a3681064f42ef36bfb5f5781510cb38929857/dataset_cruxeval_transformation_new_sample_308.py-60bb456a4fb1ef1ba806d8d615eda0f55d5d676cc7d9df52820d0c27fbf5012c.log
dataset/cruxeval_transformation_new/sample_310.py-cee2501fb89be76f76bf8c05d4487c6d10aa6e179c9f90ddd5efb2e45efdbf1f,5,1,1,5,4,0,0,existing_benchmarks//cruxeval/140a3681064f42ef36bfb5f5781510cb38929857/dataset_cruxeval_transformation_new_sample_310.py-cee2501fb89be76f76bf8c05d4487c6d10aa6e179c9f90ddd5efb2e45efdbf1f.log
dataset/cruxeval_transformation_new/sample_314.py-b11ccd8934e488b040517904daf1d7af89fe476a8faf720599b024c72f110283,4,1,0,5,2,1,3,existing_benchmarks//cruxeval/140a3681064f42ef36bfb5f5781510cb38929857/dataset_cruxeval_transformation_new_sample_314.py-b11ccd8934e488b040517904daf1d7af89fe476a8faf720599b024c72f110283.log
dataset/cruxeval_transformation_new/sample_320.py-3affc7d3105cce64c1315423f77234b73c291d408b2fd7729b52d5d05fa91e6b,6,4,6,2,3,1,1,existing_benchmarks//cruxeval/140a3681064f42ef36bfb5f5781510cb38929857/dataset_cruxeval_transformation_new_sample_320.py-3affc7d3105cce64c1315423f77234b73c291d408b2fd7729b52d5d05fa91e6b.log
dataset/cruxeval_transformation_new/sample_324.py-2d2d73c368a5291063bf2888fc4c1c83dd0f391bb0b527c11f52e57693eb1445,3,0,0,6,2,0,5,existing_benchmarks//cruxeval/140a3681064f42ef36bfb5f5781510cb38929857/dataset_cruxeval_transformation_new_sample_324.py-2d2d73c368a5291063bf2888fc4c1c83dd0f391bb0b527c11f52e57693eb1445.log
dataset/cruxeval_transformation_new/sample_327.py-7d85f6aa7897116f210d7c5c43962fc3e09609be8a524d7a82cbd435d43f7386,6,3,6,2,3,1,0,existing_benchmarks//cruxeval/140a3681064f42ef36bfb5f5781510cb38929857/dataset_cruxeval_transformation_new_sample_327.py-7d85f6aa7897116f210d7c5c43962fc3e09609be8a524d7a82cbd435d43f7386.log
dataset/cruxeval_transformation_new/sample_32.py-c6e163e34d7573efb0081b4191e5178ad386ae16e48e4beadd51f389b090ff13,4,0,0,6,2,1,2,existing_benchmarks//cruxeval/140a3681064f42ef36bfb5f5781510cb38929857/dataset_cruxeval_transformation_new_sample_32.py-c6e163e34d7573efb0081b4191e5178ad386ae16e48e4beadd51f389b090ff13.log
dataset/cruxeval_transformation_new/sample_332.py-2f3d2ce7205438f93ed5a4523036dbf05f6c629ea7bf8ebefdef4eb48c888f33,7,3,1,7,4,1,0,existing_benchmarks//cruxeval/140a3681064f42ef36bfb5f5781510cb38929857/dataset_cruxeval_transformation_new_sample_332.py-2f3d2ce7205438f93ed5a4523036dbf05f6c629ea7bf8ebefdef4eb48c888f33.log
dataset/cruxeval_transformation_new/sample_334.py-9ec768013ce09ffd803f0b673bc223c1d885c79f176b83a2132c831b00f9d297,3,0,0,5,6,0,0,existing_benchmarks//cruxeval/140a3681064f42ef36bfb5f5781510cb38929857/dataset_cruxeval_transformation_new_sample_334.py-9ec768013ce09ffd803f0b673bc223c1d885c79f176b83a2132c831b00f9d297.log
dataset/cruxeval_transformation_new/sample_338.py-36af4ce094066dd82566b1eb1103ac0097f7a745e80fb79896473680f5c0ac15,3,0,0,6,7,0,0,existing_benchmarks//cruxeval/140a3681064f42ef36bfb5f5781510cb38929857/dataset_cruxeval_transformation_new_sample_338.py-36af4ce094066dd82566b1eb1103ac0097f7a745e80fb79896473680f5c0ac15.log
dataset/cruxeval_transformation_new/sample_33.py-96a11f09ce4e41a33189cb179ba7bc81bd3d7367d77b6c77b3e68736aa7f6d30,7,3,6,5,2,0,0,existing_benchmarks//cruxeval/140a3681064f42ef36bfb5f5781510cb38929857/dataset_cruxeval_transformation_new_sample_33.py-96a11f09ce4e41a33189cb179ba7bc81bd3d7367d77b6c77b3e68736aa7f6d30.log
dataset/cruxeval_transformation_new/sample_341.py-78819dddc34f8618d55e0c4e343373294957f2036bd84a2d461e43a62d4c6fb9,9,1,0,5,8,0,0,existing_benchmarks//cruxeval/140a3681064f42ef36bfb5f5781510cb38929857/dataset_cruxeval_transformation_new_sample_341.py-78819dddc34f8618d55e0c4e343373294957f2036bd84a2d461e43a62d4c6fb9.log
dataset/cruxeval_transformation_new/sample_343.py-59e9481d1b4561b621f7154978678776e53fab6d7ed07698eb346ed179661e29,3,0,0,5,8,0,0,existing_benchmarks//cruxeval/140a3681064f42ef36bfb5f5781510cb38929857/dataset_cruxeval_transformation_new_sample_343.py-59e9481d1b4561b621f7154978678776e53fab6d7ed07698eb346ed179661e29.log
dataset/cruxeval_transformation_new/sample_354.py-c14630afe34ffc7be9f01139f0a75be02d39c231c8ad60250b104cbd0352af47,5,2,1,4,5,0,0,existing_benchmarks//cruxeval/140a3681064f42ef36bfb5f5781510cb38929857/dataset_cruxeval_transformation_new_sample_354.py-c14630afe34ffc7be9f01139f0a75be02d39c231c8ad60250b104cbd0352af47.log
dataset/cruxeval_transformation_new/sample_356.py-53b18ef254b4a8dd99cfb7de22250c6277bbde420823965142b16b09c2b8b506,21,3,3,2,3,1,0,existing_benchmarks//cruxeval/140a3681064f42ef36bfb5f5781510cb38929857/dataset_cruxeval_transformation_new_sample_356.py-53b18ef254b4a8dd99cfb7de22250c6277bbde420823965142b16b09c2b8b506.log
dataset/cruxeval_transformation_new/sample_357.py-f99b4aed738202de056f5bb5156b604e8667c5d44fec3dfc8126dfc8fc037db4,6,1,0,8,2,1,3,existing_benchmarks//cruxeval/140a3681064f42ef36bfb5f5781510cb38929857/dataset_cruxeval_transformation_new_sample_357.py-f99b4aed738202de056f5bb5156b604e8667c5d44fec3dfc8126dfc8fc037db4.log
dataset/cruxeval_transformation_new/sample_361.py-1ee1cc686324844f75e718632e52546b17f83485bf51862617c869b7ae41eb2a,3,0,0,5,7,0,0,existing_benchmarks//cruxeval/140a3681064f42ef36bfb5f5781510cb38929857/dataset_cruxeval_transformation_new_sample_361.py-1ee1cc686324844f75e718632e52546b17f83485bf51862617c869b7ae41eb2a.log
dataset/cruxeval_transformation_new/sample_365.py-8dd85f1a5957a4c69e08f021b836bc04c9d2e95eaeba692a6b558a1594034fea,6,2,3,5,2,0,0,existing_benchmarks//cruxeval/140a3681064f42ef36bfb5f5781510cb38929857/dataset_cruxeval_transformation_new_sample_365.py-8dd85f1a5957a4c69e08f021b836bc04c9d2e95eaeba692a6b558a1594034fea.log
dataset/cruxeval_transformation_new/sample_36.py-f05cc2510f2fa4751a43e5f6b0bf70ddf591ec77e1e4ad0e3ac277007b74c9c1,3,0,0,5,7,0,0,existing_benchmarks//cruxeval/140a3681064f42ef36bfb5f5781510cb38929857/dataset_cruxeval_transformation_new_sample_36.py-f05cc2510f2fa4751a43e5f6b0bf70ddf591ec77e1e4ad0e3ac277007b74c9c1.log
dataset/cruxeval_transformation_new/sample_370.py-9a99d6835c8f914cd82741750dcec9c3b8a1e2159d6cf12f5c118a36be49c1a0,7,3,6,5,4,0,0,existing_benchmarks//cruxeval/140a3681064f42ef36bfb5f5781510cb38929857/dataset_cruxeval_transformation_new_sample_370.py-9a99d6835c8f914cd82741750dcec9c3b8a1e2159d6cf12f5c118a36be49c1a0.log
dataset/cruxeval_transformation_new/sample_372.py-897ba202f4c3bfc8951ba0fb68be1af334d56d22367b00f917615990d9895d86,5,0,0,7,4,1,0,existing_benchmarks//cruxeval/140a3681064f42ef36bfb5f5781510cb38929857/dataset_cruxeval_transformation_new_sample_372.py-897ba202f4c3bfc8951ba0fb68be1af334d56d22367b00f917615990d9895d86.log
dataset/cruxeval_transformation_new/sample_379.py-c3983e4eefd0a6d22bb474c93c843d5d40b6b2cf1ecf5545ad3c89d9fd225d3e,7,6,6,5,2,0,0,existing_benchmarks//cruxeval/140a3681064f42ef36bfb5f5781510cb38929857/dataset_cruxeval_transformation_new_sample_379.py-c3983e4eefd0a6d22bb474c93c843d5d40b6b2cf1ecf5545ad3c89d9fd225d3e.log
dataset/cruxeval_transformation_new/sample_37.py-095a1d862ddbebd257642f3096ea10f1763703bb4a072967b082ae2531e978ce,6,1,0,8,3,0,3,existing_benchmarks//cruxeval/140a3681064f42ef36bfb5f5781510cb38929857/dataset_cruxeval_transformation_new_sample_37.py-095a1d862ddbebd257642f3096ea10f1763703bb4a072967b082ae2531e978ce.log
dataset/cruxeval_transformation_new/sample_381.py-ab6d2e962db12b32cce12b93af57278faf21f570a8bc16924820b9dd1249fbec,3,0,0,6,10,0,0,existing_benchmarks//cruxeval/140a3681064f42ef36bfb5f5781510cb38929857/dataset_cruxeval_transformation_new_sample_381.py-ab6d2e962db12b32cce12b93af57278faf21f570a8bc16924820b9dd1249fbec.log
dataset/cruxeval_transformation_new/sample_384.py-85363e3e66a5e588b55ed79f588e914e6a5728a529f6c94563a4df61e0791e79,6,3,3,3,4,0,0,existing_benchmarks//cruxeval/140a3681064f42ef36bfb5f5781510cb38929857/dataset_cruxeval_transformation_new_sample_384.py-85363e3e66a5e588b55ed79f588e914e6a5728a529f6c94563a4df61e0791e79.log
dataset/cruxeval_transformation_new/sample_391.py-8a5d3ce6e44b6e1bcee9b971900f472399882b733698c923b428c4a235220fa8,4,0,0,5,4,1,3,existing_benchmarks//cruxeval/140a3681064f42ef36bfb5f5781510cb38929857/dataset_cruxeval_transformation_new_sample_391.py-8a5d3ce6e44b6e1bcee9b971900f472399882b733698c923b428c4a235220fa8.log
dataset/cruxeval_transformation_new/sample_395.py-ff7cb6a2d1ca0a7814a318ddfcf5c7818d4fa991de4415fead1438849a491fde,7,2,3,5,2,1,0,existing_benchmarks//cruxeval/140a3681064f42ef36bfb5f5781510cb38929857/dataset_cruxeval_transformation_new_sample_395.py-ff7cb6a2d1ca0a7814a318ddfcf5c7818d4fa991de4415fead1438849a491fde.log
dataset/cruxeval_transformation_new/sample_397.py-10fa73f7e586cd3be6e33b3568b04d7f65aa5ad877239124e4dfa953f50993eb,3,0,0,5,8,0,0,existing_benchmarks//cruxeval/140a3681064f42ef36bfb5f5781510cb38929857/dataset_cruxeval_transformation_new_sample_397.py-10fa73f7e586cd3be6e33b3568b04d7f65aa5ad877239124e4dfa953f50993eb.log
dataset/cruxeval_transformation_new/sample_39.py-286247c41e4f59a3d1f59be0df2974f2fedea47b7b0069267c37c721f3aa9e9d,10,3,3,5,2,0,0,existing_benchmarks//cruxeval/140a3681064f42ef36bfb5f5781510cb38929857/dataset_cruxeval_transformation_new_sample_39.py-286247c41e4f59a3d1f59be0df2974f2fedea47b7b0069267c37c721f3aa9e9d.log
dataset/cruxeval_transformation_new/sample_3.py-42c19f881568cc001509a033e0133b2e1960c0c3c84db48da48ee735d2802790,3,0,0,5,8,0,0,existing_benchmarks//cruxeval/140a3681064f42ef36bfb5f5781510cb38929857/dataset_cruxeval_transformation_new_sample_3.py-42c19f881568cc001509a033e0133b2e1960c0c3c84db48da48ee735d2802790.log
dataset/cruxeval_transformation_new/sample_401.py-3b3b3cf9b6447ae0909f62f5bc355d252092c5e758ae3ecad0aa9f0c4a3ca78a,10,3,3,5,2,0,0,existing_benchmarks//cruxeval/140a3681064f42ef36bfb5f5781510cb38929857/dataset_cruxeval_transformation_new_sample_401.py-3b3b3cf9b6447ae0909f62f5bc355d252092c5e758ae3ecad0aa9f0c4a3ca78a.log
dataset/cruxeval_transformation_new/sample_403.py-1168eb4d4bcc8da2649a172c2ac0476744520b5efab9628a3a18e4746a665fa4,5,1,0,7,5,1,0,existing_benchmarks//cruxeval/140a3681064f42ef36bfb5f5781510cb38929857/dataset_cruxeval_transformation_new_sample_403.py-1168eb4d4bcc8da2649a172c2ac0476744520b5efab9628a3a18e4746a665fa4.log
dataset/cruxeval_transformation_new/sample_408.py-b5adbadb7df537a83ff592924a474842e98945604829ff5d457952bc0bfc8652,3,0,0,3,6,0,0,existing_benchmarks//cruxeval/140a3681064f42ef36bfb5f5781510cb38929857/dataset_cruxeval_transformation_new_sample_408.py-b5adbadb7df537a83ff592924a474842e98945604829ff5d457952bc0bfc8652.log
dataset/cruxeval_transformation_new/sample_409.py-2b668e52c15efc54e9d6c4344d85d2eba737c86507fad2dc0351f80600af111f,6,1,1,6,3,0,0,existing_benchmarks//cruxeval/140a3681064f42ef36bfb5f5781510cb38929857/dataset_cruxeval_transformation_new_sample_409.py-2b668e52c15efc54e9d6c4344d85d2eba737c86507fad2dc0351f80600af111f.log
dataset/cruxeval_transformation_new/sample_410.py-f9018ce241c9728b4cffd2412fa0267672da5d98f6fd51dac10ea2c7d68b4547,6,1,0,5,4,1,2,existing_benchmarks//cruxeval/140a3681064f42ef36bfb5f5781510cb38929857/dataset_cruxeval_transformation_new_sample_410.py-f9018ce241c9728b4cffd2412fa0267672da5d98f6fd51dac10ea2c7d68b4547.log
dataset/cruxeval_transformation_new/sample_416.py-a4a9515e5f9842de5b1530fb19908574ca1802ada0dc61ed7448211bb36c56b2,5,1,0,5,2,1,2,existing_benchmarks//cruxeval/140a3681064f42ef36bfb5f5781510cb38929857/dataset_cruxeval_transformation_new_sample_416.py-a4a9515e5f9842de5b1530fb19908574ca1802ada0dc61ed7448211bb36c56b2.log
dataset/cruxeval_transformation_new/sample_419.py-1101112072e1ba112874a0818cb5c2a86658ddaa94519e7f4ab039df435ed966,10,3,3,5,2,0,0,existing_benchmarks//cruxeval/140a3681064f42ef36bfb5f5781510cb38929857/dataset_cruxeval_transformation_new_sample_419.py-1101112072e1ba112874a0818cb5c2a86658ddaa94519e7f4ab039df435ed966.log
dataset/cruxeval_transformation_new/sample_420.py-5e50ac4c70de517ce83432a4b2e7ca373208ee4b4a3cc938f86f3a5f6068946f,6,0,0,5,8,0,0,existing_benchmarks//cruxeval/140a3681064f42ef36bfb5f5781510cb38929857/dataset_cruxeval_transformation_new_sample_420.py-5e50ac4c70de517ce83432a4b2e7ca373208ee4b4a3cc938f86f3a5f6068946f.log
dataset/cruxeval_transformation_new/sample_423.py-2ba42e68aed8a84cfe0b5b33004a9ea313a2c89fd4f454e23d04a36b707c68b0,6,5,3,5,3,0,0,existing_benchmarks//cruxeval/140a3681064f42ef36bfb5f5781510cb38929857/dataset_cruxeval_transformation_new_sample_423.py-2ba42e68aed8a84cfe0b5b33004a9ea313a2c89fd4f454e23d04a36b707c68b0.log
dataset/cruxeval_transformation_new/sample_435.py-bbef00f94b4f18b902af654c33f9dcc27f96118820bc0fab8757763d3fb48498,8,2,0,8,1,0,4,existing_benchmarks//cruxeval/140a3681064f42ef36bfb5f5781510cb38929857/dataset_cruxeval_transformation_new_sample_435.py-bbef00f94b4f18b902af654c33f9dcc27f96118820bc0fab8757763d3fb48498.log
dataset/cruxeval_transformation_new/sample_439.py-c1ff06b5c98d977d2fcd2569131a59d0161c33027fbca916f1310e7dedc45062,3,0,0,5,7,0,0,existing_benchmarks//cruxeval/140a3681064f42ef36bfb5f5781510cb38929857/dataset_cruxeval_transformation_new_sample_439.py-c1ff06b5c98d977d2fcd2569131a59d0161c33027fbca916f1310e7dedc45062.log
dataset/cruxeval_transformation_new/sample_440.py-16f9e0095c66098fda2e8c3f4f90a42a469a7105b3230160f61d7f272c066759,6,2,3,5,4,0,0,existing_benchmarks//cruxeval/140a3681064f42ef36bfb5f5781510cb38929857/dataset_cruxeval_transformation_new_sample_440.py-16f9e0095c66098fda2e8c3f4f90a42a469a7105b3230160f61d7f272c066759.log
dataset/cruxeval_transformation_new/sample_449.py-fcea356d5ff7714f428be3b19c60a3f0c6b63fcedc6dba24a10a792501f6658d,5,1,0,7,5,1,0,existing_benchmarks//cruxeval/140a3681064f42ef36bfb5f5781510cb38929857/dataset_cruxeval_transformation_new_sample_449.py-fcea356d5ff7714f428be3b19c60a3f0c6b63fcedc6dba24a10a792501f6658d.log
dataset/cruxeval_transformation_new/sample_454.py-29f7c41bc68cc37d3c1f915b8535c1561cd10421904e25e6ad44df348f46c7ba,6,1,0,5,4,0,3,existing_benchmarks//cruxeval/140a3681064f42ef36bfb5f5781510cb38929857/dataset_cruxeval_transformation_new_sample_454.py-29f7c41bc68cc37d3c1f915b8535c1561cd10421904e25e6ad44df348f46c7ba.log
dataset/cruxeval_transformation_new/sample_457.py-047e42b3b7ead646841ca63bf56a6ed2a6f835766be595705b875a5fbd61713f,7,3,1,7,2,0,2,existing_benchmarks//cruxeval/140a3681064f42ef36bfb5f5781510cb38929857/dataset_cruxeval_transformation_new_sample_457.py-047e42b3b7ead646841ca63bf56a6ed2a6f835766be595705b875a5fbd61713f.log
dataset/cruxeval_transformation_new/sample_458.py-0fbdb9c9d6101a5b2388f7b2bfe473cf4c497c836c8caa6574c9eaa16a33b8f7,3,0,0,5,7,0,0,existing_benchmarks//cruxeval/140a3681064f42ef36bfb5f5781510cb38929857/dataset_cruxeval_transformation_new_sample_458.py-0fbdb9c9d6101a5b2388f7b2bfe473cf4c497c836c8caa6574c9eaa16a33b8f7.log
dataset/cruxeval_transformation_new/sample_460.py-3ddf45a75b5cf9ba8ded58cd8da4b16891247fa7f58cb0562cdb67a3ac4ec971,6,3,3,4,6,1,0,existing_benchmarks//cruxeval/140a3681064f42ef36bfb5f5781510cb38929857/dataset_cruxeval_transformation_new_sample_460.py-3ddf45a75b5cf9ba8ded58cd8da4b16891247fa7f58cb0562cdb67a3ac4ec971.log
dataset/cruxeval_transformation_new/sample_468.py-b5c3568068f9f4d190cce75100d145b618e6c95b54d64cad5c0ae12bd07cb7ef,7,2,6,5,2,0,0,existing_benchmarks//cruxeval/140a3681064f42ef36bfb5f5781510cb38929857/dataset_cruxeval_transformation_new_sample_468.py-b5c3568068f9f4d190cce75100d145b618e6c95b54d64cad5c0ae12bd07cb7ef.log
dataset/cruxeval_transformation_new/sample_479.py-815a90e36644fd2da3eb88984be177fac2b41906616b7964050d42bf57d366bc,3,0,0,5,3,1,2,existing_benchmarks//cruxeval/140a3681064f42ef36bfb5f5781510cb38929857/dataset_cruxeval_transformation_new_sample_479.py-815a90e36644fd2da3eb88984be177fac2b41906616b7964050d42bf57d366bc.log
dataset/cruxeval_transformation_new/sample_489.py-f8057b709af9fdaffb736197e35fbc122656084995133c58fd4c5151ca8a29a6,3,0,0,5,7,0,0,existing_benchmarks//cruxeval/140a3681064f42ef36bfb5f5781510cb38929857/dataset_cruxeval_transformation_new_sample_489.py-f8057b709af9fdaffb736197e35fbc122656084995133c58fd4c5151ca8a29a6.log
dataset/cruxeval_transformation_new/sample_493.py-a07311c985f7e0a6d867e352e7d6392a04a537f486aeb77b400736a7ca8fdb6b,4,0,0,6,3,0,1,existing_benchmarks//cruxeval/140a3681064f42ef36bfb5f5781510cb38929857/dataset_cruxeval_transformation_new_sample_493.py-a07311c985f7e0a6d867e352e7d6392a04a537f486aeb77b400736a7ca8fdb6b.log
dataset/cruxeval_transformation_new/sample_495.py-083c122790d9637e6bdfc92728ccea52e34e75dfbed3461282e4d80a1ba9655b,6,2,1,5,6,0,0,existing_benchmarks//cruxeval/140a3681064f42ef36bfb5f5781510cb38929857/dataset_cruxeval_transformation_new_sample_495.py-083c122790d9637e6bdfc92728ccea52e34e75dfbed3461282e4d80a1ba9655b.log
dataset/cruxeval_transformation_new/sample_497.py-1899809d0a696a85c14180c565c93558b471675f1dbfa5e4eb22a51487a79ead,6,1,0,7,2,0,3,existing_benchmarks//cruxeval/140a3681064f42ef36bfb5f5781510cb38929857/dataset_cruxeval_transformation_new_sample_497.py-1899809d0a696a85c14180c565c93558b471675f1dbfa5e4eb22a51487a79ead.log
dataset/cruxeval_transformation_new/sample_498.py-70d8c987eae82a93bc3ae174be50c8cb29f28faa6f29af7181bf40cbddfeeee0,3,0,0,5,8,0,0,existing_benchmarks//cruxeval/140a3681064f42ef36bfb5f5781510cb38929857/dataset_cruxeval_transformation_new_sample_498.py-70d8c987eae82a93bc3ae174be50c8cb29f28faa6f29af7181bf40cbddfeeee0.log
dataset/cruxeval_transformation_new/sample_49.py-79888c62d29f06d3cc36695137ea8aeefedd36e7654128e4a2247e28b85cc962,6,2,3,6,5,0,0,existing_benchmarks//cruxeval/140a3681064f42ef36bfb5f5781510cb38929857/dataset_cruxeval_transformation_new_sample_49.py-79888c62d29f06d3cc36695137ea8aeefedd36e7654128e4a2247e28b85cc962.log
dataset/cruxeval_transformation_new/sample_503.py-33df1e6299b7418c0778723700d0917339461f6a24f3cb16c6ee4097c92ae8da,5,0,0,8,5,1,0,existing_benchmarks//cruxeval/140a3681064f42ef36bfb5f5781510cb38929857/dataset_cruxeval_transformation_new_sample_503.py-33df1e6299b7418c0778723700d0917339461f6a24f3cb16c6ee4097c92ae8da.log
dataset/cruxeval_transformation_new/sample_509.py-33afd688b82f9170f28b5a5793331c46b8dc49271bc98de3d645baf83e19d72c,13,4,3,4,1,0,0,existing_benchmarks//cruxeval/140a3681064f42ef36bfb5f5781510cb38929857/dataset_cruxeval_transformation_new_sample_509.py-33afd688b82f9170f28b5a5793331c46b8dc49271bc98de3d645baf83e19d72c.log
dataset/cruxeval_transformation_new/sample_516.py-7588a57909a59d8c0cf9141f4eb8d5480aedf38cfe1413329a168ac4fb0466b4,3,0,0,6,7,0,0,existing_benchmarks//cruxeval/140a3681064f42ef36bfb5f5781510cb38929857/dataset_cruxeval_transformation_new_sample_516.py-7588a57909a59d8c0cf9141f4eb8d5480aedf38cfe1413329a168ac4fb0466b4.log
dataset/cruxeval_transformation_new/sample_522.py-3e7dee891096685d6af7df1c9e0debcc5c8a0324960137e3770ea25f85eaed55,4,0,0,7,4,0,1,existing_benchmarks//cruxeval/140a3681064f42ef36bfb5f5781510cb38929857/dataset_cruxeval_transformation_new_sample_522.py-3e7dee891096685d6af7df1c9e0debcc5c8a0324960137e3770ea25f85eaed55.log
dataset/cruxeval_transformation_new/sample_524.py-a980877a8a73f6421910270ec2fa5ae9c42fb35030abe7ca28de6b429695b288,6,1,0,7,3,0,3,existing_benchmarks//cruxeval/140a3681064f42ef36bfb5f5781510cb38929857/dataset_cruxeval_transformation_new_sample_524.py-a980877a8a73f6421910270ec2fa5ae9c42fb35030abe7ca28de6b429695b288.log
dataset/cruxeval_transformation_new/sample_526.py-c5e1f9a65226ccb5741d8ec641a58ce155498982b06b3b77fa9a276f678b410a,5,2,1,5,2,1,0,existing_benchmarks//cruxeval/140a3681064f42ef36bfb5f5781510cb38929857/dataset_cruxeval_transformation_new_sample_526.py-c5e1f9a65226ccb5741d8ec641a58ce155498982b06b3b77fa9a276f678b410a.log
dataset/cruxeval_transformation_new/sample_528.py-e4efe2848f4913df653a4832b2188ce6a6896153e7d1b49ebbedc886a7e6963b,5,2,3,4,4,1,0,existing_benchmarks//cruxeval/140a3681064f42ef36bfb5f5781510cb38929857/dataset_cruxeval_transformation_new_sample_528.py-e4efe2848f4913df653a4832b2188ce6a6896153e7d1b49ebbedc886a7e6963b.log
dataset/cruxeval_transformation_new/sample_52.py-563aea86f92be1094fbc7f8162f955b034762fa9c75b6092d4411328acaea211,7,3,1,8,2,0,2,existing_benchmarks//cruxeval/140a3681064f42ef36bfb5f5781510cb38929857/dataset_cruxeval_transformation_new_sample_52.py-563aea86f92be1094fbc7f8162f955b034762fa9c75b6092d4411328acaea211.log
dataset/cruxeval_transformation_new/sample_532.py-db77714b2218fba83b2f0a7e0f984dc04edc73deadc2bbf6bb57001ce8d04b8d,4,0,0,7,8,0,0,existing_benchmarks//cruxeval/140a3681064f42ef36bfb5f5781510cb38929857/dataset_cruxeval_transformation_new_sample_532.py-db77714b2218fba83b2f0a7e0f984dc04edc73deadc2bbf6bb57001ce8d04b8d.log
dataset/cruxeval_transformation_new/sample_535.py-6b5fbfd5bdac512317725103c0b888afcc4f5823dba3b9397d2ae1bccacdf624,7,3,6,5,3,0,0,existing_benchmarks//cruxeval/140a3681064f42ef36bfb5f5781510cb38929857/dataset_cruxeval_transformation_new_sample_535.py-6b5fbfd5bdac512317725103c0b888afcc4f5823dba3b9397d2ae1bccacdf624.log
dataset/cruxeval_transformation_new/sample_538.py-a5999b862062c16602e3b8a1dcc8dd9f9cc98937ab73b1b0d713c3d27b532115,3,0,0,5,7,0,0,existing_benchmarks//cruxeval/140a3681064f42ef36bfb5f5781510cb38929857/dataset_cruxeval_transformation_new_sample_538.py-a5999b862062c16602e3b8a1dcc8dd9f9cc98937ab73b1b0d713c3d27b532115.log
dataset/cruxeval_transformation_new/sample_541.py-635f5b384eda40c3c290be69f25c9251fa4da0e34c2cfcbb153ea830f64981da,3,0,0,5,6,0,0,existing_benchmarks//cruxeval/140a3681064f42ef36bfb5f5781510cb38929857/dataset_cruxeval_transformation_new_sample_541.py-635f5b384eda40c3c290be69f25c9251fa4da0e34c2cfcbb153ea830f64981da.log
dataset/cruxeval_transformation_new/sample_543.py-1a8171e97085543831a806a48cfbf70a48d2d23163a6edbdb4ed2267ffd8720c,3,0,0,5,5,1,5,existing_benchmarks//cruxeval/140a3681064f42ef36bfb5f5781510cb38929857/dataset_cruxeval_transformation_new_sample_543.py-1a8171e97085543831a806a48cfbf70a48d2d23163a6edbdb4ed2267ffd8720c.log
dataset/cruxeval_transformation_new/sample_546.py-60d4c34bb52d936baff3495d7d1aa7c1e640f19dad21a2574be91dd13a45e3f5,4,0,0,5,8,0,0,existing_benchmarks//cruxeval/140a3681064f42ef36bfb5f5781510cb38929857/dataset_cruxeval_transformation_new_sample_546.py-60d4c34bb52d936baff3495d7d1aa7c1e640f19dad21a2574be91dd13a45e3f5.log
dataset/cruxeval_transformation_new/sample_549.py-e1adcef65ef148377a32438af6d5dbced20024878a75c6e1ccf27bae76220561,4,0,0,7,8,0,0,existing_benchmarks//cruxeval/140a3681064f42ef36bfb5f5781510cb38929857/dataset_cruxeval_transformation_new_sample_549.py-e1adcef65ef148377a32438af6d5dbced20024878a75c6e1ccf27bae76220561.log
dataset/cruxeval_transformation_new/sample_54.py-d3f1318dfb9e3cfd76435f6dcf9874c875aa2e64438c6158f7813b70ca49bec4,6,3,3,5,3,0,0,existing_benchmarks//cruxeval/140a3681064f42ef36bfb5f5781510cb38929857/dataset_cruxeval_transformation_new_sample_54.py-d3f1318dfb9e3cfd76435f6dcf9874c875aa2e64438c6158f7813b70ca49bec4.log
dataset/cruxeval_transformation_new/sample_554.py-569107ff81fefc6374334935d11a6cc15fc0a28842786d342374d63c52500d31,3,0,0,5,8,0,0,existing_benchmarks//cruxeval/140a3681064f42ef36bfb5f5781510cb38929857/dataset_cruxeval_transformation_new_sample_554.py-569107ff81fefc6374334935d11a6cc15fc0a28842786d342374d63c52500d31.log
dataset/cruxeval_transformation_new/sample_557.py-0779a8929e4521ea197d596a7d44b5ed993a5ab2362b1d188a6f39cdba223a16,3,0,0,5,7,0,0,existing_benchmarks//cruxeval/140a3681064f42ef36bfb5f5781510cb38929857/dataset_cruxeval_transformation_new_sample_557.py-0779a8929e4521ea197d596a7d44b5ed993a5ab2362b1d188a6f39cdba223a16.log
dataset/cruxeval_transformation_new/sample_56.py-79a5faf31ee765902b2a9b089af3efb97d88342c6bf880cb0854e8ff1db38074,6,2,3,3,4,0,0,existing_benchmarks//cruxeval/140a3681064f42ef36bfb5f5781510cb38929857/dataset_cruxeval_transformation_new_sample_56.py-79a5faf31ee765902b2a9b089af3efb97d88342c6bf880cb0854e8ff1db38074.log
dataset/cruxeval_transformation_new/sample_570.py-460e59be810eff3470411f6c450d13fd7bb2fb5bb173455a08f55f8d4eb9f9ba,6,3,3,5,2,0,0,existing_benchmarks//cruxeval/140a3681064f42ef36bfb5f5781510cb38929857/dataset_cruxeval_transformation_new_sample_570.py-460e59be810eff3470411f6c450d13fd7bb2fb5bb173455a08f55f8d4eb9f9ba.log
dataset/cruxeval_transformation_new/sample_571.py-fd7d032e7ce436cc74db438ec9846f8909f37692ce80f424203fd8a96ed4e633,3,0,0,5,8,0,0,existing_benchmarks//cruxeval/140a3681064f42ef36bfb5f5781510cb38929857/dataset_cruxeval_transformation_new_sample_571.py-fd7d032e7ce436cc74db438ec9846f8909f37692ce80f424203fd8a96ed4e633.log
dataset/cruxeval_transformation_new/sample_577.py-f80faa4fa70c4c26ad0a4e72df978af55484681b5374d35974032546704734b3,4,0,0,6,6,0,0,existing_benchmarks//cruxeval/140a3681064f42ef36bfb5f5781510cb38929857/dataset_cruxeval_transformation_new_sample_577.py-f80faa4fa70c4c26ad0a4e72df978af55484681b5374d35974032546704734b3.log
dataset/cruxeval_transformation_new/sample_578.py-c2b1c34cf43316cc8d42103ba7180f2abf3d5167bd55eb4be0f498ed81ae8d84,7,3,6,5,4,0,0,existing_benchmarks//cruxeval/140a3681064f42ef36bfb5f5781510cb38929857/dataset_cruxeval_transformation_new_sample_578.py-c2b1c34cf43316cc8d42103ba7180f2abf3d5167bd55eb4be0f498ed81ae8d84.log
dataset/cruxeval_transformation_new/sample_580.py-1f8632bc6eb66752a84c524e9ef41f1988a2baf46fbc107c6e1a26a93cccacdb,4,1,0,6,6,0,0,existing_benchmarks//cruxeval/140a3681064f42ef36bfb5f5781510cb38929857/dataset_cruxeval_transformation_new_sample_580.py-1f8632bc6eb66752a84c524e9ef41f1988a2baf46fbc107c6e1a26a93cccacdb.log
dataset/cruxeval_transformation_new/sample_581.py-9a2f814291480dba15589ce8996c484f4ec7ac4a7f62fd73e13a6a51cadf1fdb,5,1,0,7,3,0,3,existing_benchmarks//cruxeval/140a3681064f42ef36bfb5f5781510cb38929857/dataset_cruxeval_transformation_new_sample_581.py-9a2f814291480dba15589ce8996c484f4ec7ac4a7f62fd73e13a6a51cadf1fdb.log
dataset/cruxeval_transformation_new/sample_582.py-217496fce9afeeaab50a037aab45827a8dfcea94e7d78fd55d73f83599f44228,6,1,0,8,2,0,3,existing_benchmarks//cruxeval/140a3681064f42ef36bfb5f5781510cb38929857/dataset_cruxeval_transformation_new_sample_582.py-217496fce9afeeaab50a037aab45827a8dfcea94e7d78fd55d73f83599f44228.log
dataset/cruxeval_transformation_new/sample_586.py-7188447c239a3c1cf02a05903f1226982c5eb3c34290920747d566832835428e,3,0,0,5,8,0,0,existing_benchmarks//cruxeval/140a3681064f42ef36bfb5f5781510cb38929857/dataset_cruxeval_transformation_new_sample_586.py-7188447c239a3c1cf02a05903f1226982c5eb3c34290920747d566832835428e.log
dataset/cruxeval_transformation_new/sample_591.py-4b41fa4ae4767ac8e10608bdc2747f3eedf639fe08c9575776a164aa26e9315f,8,2,0,8,3,1,2,existing_benchmarks//cruxeval/140a3681064f42ef36bfb5f5781510cb38929857/dataset_cruxeval_transformation_new_sample_591.py-4b41fa4ae4767ac8e10608bdc2747f3eedf639fe08c9575776a164aa26e9315f.log
dataset/cruxeval_transformation_new/sample_592.py-ed7f8e4ebae20be8693205d2f6f77540d1e4df3b6d21dce99a13d52998561408,5,0,0,6,2,1,2,existing_benchmarks//cruxeval/140a3681064f42ef36bfb5f5781510cb38929857/dataset_cruxeval_transformation_new_sample_592.py-ed7f8e4ebae20be8693205d2f6f77540d1e4df3b6d21dce99a13d52998561408.log
dataset/cruxeval_transformation_new/sample_593.py-8e7d1585be2f8677b73eaea38ee34dc5782fe661f86eba58400eba1c5770747b,6,1,0,8,4,1,2,existing_benchmarks//cruxeval/140a3681064f42ef36bfb5f5781510cb38929857/dataset_cruxeval_transformation_new_sample_593.py-8e7d1585be2f8677b73eaea38ee34dc5782fe661f86eba58400eba1c5770747b.log
dataset/cruxeval_transformation_new/sample_597.py-3a915ddef62568d4155db37dc62e924a960a493d5fe58e9f801210bc546de126,3,0,0,5,7,0,0,existing_benchmarks//cruxeval/140a3681064f42ef36bfb5f5781510cb38929857/dataset_cruxeval_transformation_new_sample_597.py-3a915ddef62568d4155db37dc62e924a960a493d5fe58e9f801210bc546de126.log
dataset/cruxeval_transformation_new/sample_598.py-c62cda01a9e34530bfb24baa6e1d83187a0e819275a01c166c02d5ed87f94667,4,0,0,5,8,0,1,existing_benchmarks//cruxeval/140a3681064f42ef36bfb5f5781510cb38929857/dataset_cruxeval_transformation_new_sample_598.py-c62cda01a9e34530bfb24baa6e1d83187a0e819275a01c166c02d5ed87f94667.log
dataset/cruxeval_transformation_new/sample_5.py-c5c6e50da17d591c280128fb706cb9916880719a20b516c86f1a460d603ae930,5,1,1,5,4,0,0,existing_benchmarks//cruxeval/140a3681064f42ef36bfb5f5781510cb38929857/dataset_cruxeval_transformation_new_sample_5.py-c5c6e50da17d591c280128fb706cb9916880719a20b516c86f1a460d603ae930.log
dataset/cruxeval_transformation_new/sample_613.py-5e1e14588118d75e5e1e80da7710d9fa3aa3beb98dd0ba32aec5133970e4bb62,6,1,0,4,3,1,0,existing_benchmarks//cruxeval/140a3681064f42ef36bfb5f5781510cb38929857/dataset_cruxeval_transformation_new_sample_613.py-5e1e14588118d75e5e1e80da7710d9fa3aa3beb98dd0ba32aec5133970e4bb62.log
dataset/cruxeval_transformation_new/sample_621.py-c15f2165ab1ca406493a97f2ad1e87ca1238ea4723d42580098c56dd620ce55b,6,0,0,5,8,0,0,existing_benchmarks//cruxeval/140a3681064f42ef36bfb5f5781510cb38929857/dataset_cruxeval_transformation_new_sample_621.py-c15f2165ab1ca406493a97f2ad1e87ca1238ea4723d42580098c56dd620ce55b.log
dataset/cruxeval_transformation_new/sample_623.py-a13831cfa4c9b4d8fd3eba164598f85b5a5e3f2775accbe0722f9b4832a11caf,8,3,1,5,2,1,1,existing_benchmarks//cruxeval/140a3681064f42ef36bfb5f5781510cb38929857/dataset_cruxeval_transformation_new_sample_623.py-a13831cfa4c9b4d8fd3eba164598f85b5a5e3f2775accbe0722f9b4832a11caf.log
dataset/cruxeval_transformation_new/sample_624.py-90130278e2cd0ae74099c3a19a59b9bf0a67b30eeed1a5b74267ba785b50edac,6,3,3,6,2,0,0,existing_benchmarks//cruxeval/140a3681064f42ef36bfb5f5781510cb38929857/dataset_cruxeval_transformation_new_sample_624.py-90130278e2cd0ae74099c3a19a59b9bf0a67b30eeed1a5b74267ba785b50edac.log
dataset/cruxeval_transformation_new/sample_628.py-ca24631e7165f98bf511a0ccf71d146b52bc38f0758e0e74906000a8bf6f4306,3,0,0,5,7,0,0,existing_benchmarks//cruxeval/140a3681064f42ef36bfb5f5781510cb38929857/dataset_cruxeval_transformation_new_sample_628.py-ca24631e7165f98bf511a0ccf71d146b52bc38f0758e0e74906000a8bf6f4306.log
dataset/cruxeval_transformation_new/sample_631.py-05d4a2cf901588db2d5890f04405c289da55723bf035a40f00f2794773d71cc4,4,0,0,7,6,1,0,existing_benchmarks//cruxeval/140a3681064f42ef36bfb5f5781510cb38929857/dataset_cruxeval_transformation_new_sample_631.py-05d4a2cf901588db2d5890f04405c289da55723bf035a40f00f2794773d71cc4.log
dataset/cruxeval_transformation_new/sample_638.py-9b5fa8b874f3ec8cef3c8d4558244c6ce1248fd09d56af04f97f33191d282db5,13,3,3,5,2,0,0,existing_benchmarks//cruxeval/140a3681064f42ef36bfb5f5781510cb38929857/dataset_cruxeval_transformation_new_sample_638.py-9b5fa8b874f3ec8cef3c8d4558244c6ce1248fd09d56af04f97f33191d282db5.log
dataset/cruxeval_transformation_new/sample_645.py-d66aef560dc51bab7ed3ac9cc12011c9179be40e35d9c8c6d358629866693651,6,2,1,5,6,0,0,existing_benchmarks//cruxeval/140a3681064f42ef36bfb5f5781510cb38929857/dataset_cruxeval_transformation_new_sample_645.py-d66aef560dc51bab7ed3ac9cc12011c9179be40e35d9c8c6d358629866693651.log
dataset/cruxeval_transformation_new/sample_648.py-35adf25545422dc75265a70b963dbc28e1cdb0a146b13232f2590c16e9ff239a,6,3,3,3,3,0,0,existing_benchmarks//cruxeval/140a3681064f42ef36bfb5f5781510cb38929857/dataset_cruxeval_transformation_new_sample_648.py-35adf25545422dc75265a70b963dbc28e1cdb0a146b13232f2590c16e9ff239a.log
dataset/cruxeval_transformation_new/sample_64.py-446a00636b79eb718d036967290de45f3546aa5a5660a180ce11b2e23db8e8ff,8,4,6,4,3,1,0,existing_benchmarks//cruxeval/140a3681064f42ef36bfb5f5781510cb38929857/dataset_cruxeval_transformation_new_sample_64.py-446a00636b79eb718d036967290de45f3546aa5a5660a180ce11b2e23db8e8ff.log
dataset/cruxeval_transformation_new/sample_650.py-0e5e3dbda4ac253112900eb1fac362b28abf50a8f4dd2360b254d3b591818dfa,4,0,0,5,6,0,0,existing_benchmarks//cruxeval/140a3681064f42ef36bfb5f5781510cb38929857/dataset_cruxeval_transformation_new_sample_650.py-0e5e3dbda4ac253112900eb1fac362b28abf50a8f4dd2360b254d3b591818dfa.log
dataset/cruxeval_transformation_new/sample_652.py-fdfd43a00cfeb64d69591566194a7c91a75da5702a06c0d563de3e9eefe5e265,7,2,0,6,4,1,2,existing_benchmarks//cruxeval/140a3681064f42ef36bfb5f5781510cb38929857/dataset_cruxeval_transformation_new_sample_652.py-fdfd43a00cfeb64d69591566194a7c91a75da5702a06c0d563de3e9eefe5e265.log
dataset/cruxeval_transformation_new/sample_656.py-79b76f4dfe95b202aba9e35f7fff0b9f2d4fe2b64a3b20789303c60145fd305f,7,3,1,8,2,0,2,existing_benchmarks//cruxeval/140a3681064f42ef36bfb5f5781510cb38929857/dataset_cruxeval_transformation_new_sample_656.py-79b76f4dfe95b202aba9e35f7fff0b9f2d4fe2b64a3b20789303c60145fd305f.log
dataset/cruxeval_transformation_new/sample_657.py-df0d55bf3cab39c4aecd43fd03f950a922280943c6e9a7beab128ad360bd83c5,8,3,7,5,2,0,0,existing_benchmarks//cruxeval/140a3681064f42ef36bfb5f5781510cb38929857/dataset_cruxeval_transformation_new_sample_657.py-df0d55bf3cab39c4aecd43fd03f950a922280943c6e9a7beab128ad360bd83c5.log
dataset/cruxeval_transformation_new/sample_659.py-42b2027b60ee444b31b585cc87246ba841e47476a22f362ec1d245aa862f5591,7,3,6,6,3,0,0,existing_benchmarks//cruxeval/140a3681064f42ef36bfb5f5781510cb38929857/dataset_cruxeval_transformation_new_sample_659.py-42b2027b60ee444b31b585cc87246ba841e47476a22f362ec1d245aa862f5591.log
dataset/cruxeval_transformation_new/sample_660.py-ad2a1992d4f30a777679490a8d72899a11098fbd0eea578e77233c585e66694d,5,1,0,11,5,0,2,existing_benchmarks//cruxeval/140a3681064f42ef36bfb5f5781510cb38929857/dataset_cruxeval_transformation_new_sample_660.py-ad2a1992d4f30a777679490a8d72899a11098fbd0eea578e77233c585e66694d.log
dataset/cruxeval_transformation_new/sample_668.py-ba9342b670c2b43d3f64df5f27fd5f93addfe4d3711cef81964166209245cfd0,3,0,0,5,6,1,1,existing_benchmarks//cruxeval/140a3681064f42ef36bfb5f5781510cb38929857/dataset_cruxeval_transformation_new_sample_668.py-ba9342b670c2b43d3f64df5f27fd5f93addfe4d3711cef81964166209245cfd0.log
dataset/cruxeval_transformation_new/sample_669.py-5a710bb642acdec1c9a848a8cd0b0caa690cc8841838407e546d8da10439fb01,6,3,3,5,2,1,0,existing_benchmarks//cruxeval/140a3681064f42ef36bfb5f5781510cb38929857/dataset_cruxeval_transformation_new_sample_669.py-5a710bb642acdec1c9a848a8cd0b0caa690cc8841838407e546d8da10439fb01.log
dataset/cruxeval_transformation_new/sample_66.py-21b434a56580cd1cb0173ac0f0562953c308d0ccca53bce7bef86c1ade84f05e,6,2,3,5,3,0,0,existing_benchmarks//cruxeval/140a3681064f42ef36bfb5f5781510cb38929857/dataset_cruxeval_transformation_new_sample_66.py-21b434a56580cd1cb0173ac0f0562953c308d0ccca53bce7bef86c1ade84f05e.log
dataset/cruxeval_transformation_new/sample_673.py-0ddecf317d9025f7fd82ac53ac3fb4f061982dbc3e446c47fc1ba55f22bc7838,6,1,1,6,8,0,0,existing_benchmarks//cruxeval/140a3681064f42ef36bfb5f5781510cb38929857/dataset_cruxeval_transformation_new_sample_673.py-0ddecf317d9025f7fd82ac53ac3fb4f061982dbc3e446c47fc1ba55f22bc7838.log
dataset/cruxeval_transformation_new/sample_675.py-bf24945799ab38b8a8aa50ccb267c3031ea51d39563c05d4a57ec86ff69e1c5c,3,0,0,5,7,0,0,existing_benchmarks//cruxeval/140a3681064f42ef36bfb5f5781510cb38929857/dataset_cruxeval_transformation_new_sample_675.py-bf24945799ab38b8a8aa50ccb267c3031ea51d39563c05d4a57ec86ff69e1c5c.log
dataset/cruxeval_transformation_new/sample_67.py-e268a072255d605d6439c46265fa2f0f502feaf55ff17bb793680c89cf7fe04f,3,0,0,7,7,0,0,existing_benchmarks//cruxeval/140a3681064f42ef36bfb5f5781510cb38929857/dataset_cruxeval_transformation_new_sample_67.py-e268a072255d605d6439c46265fa2f0f502feaf55ff17bb793680c89cf7fe04f.log
dataset/cruxeval_transformation_new/sample_682.py-d56dc8ca826a32f4d24756abc4381344e2da7ae7b976823844e8ae1c7dce4545,3,0,0,6,7,0,0,existing_benchmarks//cruxeval/140a3681064f42ef36bfb5f5781510cb38929857/dataset_cruxeval_transformation_new_sample_682.py-d56dc8ca826a32f4d24756abc4381344e2da7ae7b976823844e8ae1c7dce4545.log
dataset/cruxeval_transformation_new/sample_685.py-d1a71e2422bbe7c1389f016c9969f8e9905cd951f7f2365b72b6901bed401a89,3,0,0,5,3,1,3,existing_benchmarks//cruxeval/140a3681064f42ef36bfb5f5781510cb38929857/dataset_cruxeval_transformation_new_sample_685.py-d1a71e2422bbe7c1389f016c9969f8e9905cd951f7f2365b72b6901bed401a89.log
dataset/cruxeval_transformation_new/sample_688.py-ff7c5e39b87571af965a5a8054d4e018cf1e32165f498080c3a4eac422053b87,7,3,6,6,3,0,0,existing_benchmarks//cruxeval/140a3681064f42ef36bfb5f5781510cb38929857/dataset_cruxeval_transformation_new_sample_688.py-ff7c5e39b87571af965a5a8054d4e018cf1e32165f498080c3a4eac422053b87.log
dataset/cruxeval_transformation_new/sample_694.py-7ce7b0077b7bdb941832627c63de84cd1986527c7e53f7cf8e2bcc9ff924e848,4,0,0,7,5,1,1,existing_benchmarks//cruxeval/140a3681064f42ef36bfb5f5781510cb38929857/dataset_cruxeval_transformation_new_sample_694.py-7ce7b0077b7bdb941832627c63de84cd1986527c7e53f7cf8e2bcc9ff924e848.log
dataset/cruxeval_transformation_new/sample_696.py-5a0cd11a0e46de0c208766974046cc022f73cc8810656da33d2e0096d1f0e2cc,6,1,0,7,2,1,3,existing_benchmarks//cruxeval/140a3681064f42ef36bfb5f5781510cb38929857/dataset_cruxeval_transformation_new_sample_696.py-5a0cd11a0e46de0c208766974046cc022f73cc8810656da33d2e0096d1f0e2cc.log
dataset/cruxeval_transformation_new/sample_6.py-608f82d4bf81072f93afca6848b618f0cf910974963990fcf2ab98e2b4918026,4,0,0,7,6,0,0,existing_benchmarks//cruxeval/140a3681064f42ef36bfb5f5781510cb38929857/dataset_cruxeval_transformation_new_sample_6.py-608f82d4bf81072f93afca6848b618f0cf910974963990fcf2ab98e2b4918026.log
dataset/cruxeval_transformation_new/sample_700.py-8d38a9b7c23f85f7a76f32990803f72a32c8d28798ffe28836b4be448857cda4,3,0,0,3,5,1,1,existing_benchmarks//cruxeval/140a3681064f42ef36bfb5f5781510cb38929857/dataset_cruxeval_transformation_new_sample_700.py-8d38a9b7c23f85f7a76f32990803f72a32c8d28798ffe28836b4be448857cda4.log
dataset/cruxeval_transformation_new/sample_707.py-fdafeb791d11f1ebc38808b96ec3972138baefe3c3740170debfa2fd39267902,5,1,0,7,5,1,0,existing_benchmarks//cruxeval/140a3681064f42ef36bfb5f5781510cb38929857/dataset_cruxeval_transformation_new_sample_707.py-fdafeb791d11f1ebc38808b96ec3972138baefe3c3740170debfa2fd39267902.log
dataset/cruxeval_transformation_new/sample_709.py-b96b92b505b9175547121ee90407b17c9ef91ccf74a349e2da837f32633884d7,3,0,0,5,7,0,0,existing_benchmarks//cruxeval/140a3681064f42ef36bfb5f5781510cb38929857/dataset_cruxeval_transformation_new_sample_709.py-b96b92b505b9175547121ee90407b17c9ef91ccf74a349e2da837f32633884d7.log
dataset/cruxeval_transformation_new/sample_710.py-0050b1e1b4227d06c0a73280568765ffef779fb48291b50ccdcab2efe5a0b50c,3,0,0,6,7,0,0,existing_benchmarks//cruxeval/140a3681064f42ef36bfb5f5781510cb38929857/dataset_cruxeval_transformation_new_sample_710.py-0050b1e1b4227d06c0a73280568765ffef779fb48291b50ccdcab2efe5a0b50c.log
dataset/cruxeval_transformation_new/sample_714.py-5cb388d17ef2e67e4121a7b15ad28e8bc66d591e743951d693f489d219cbc7f8,3,0,0,3,6,0,0,existing_benchmarks//cruxeval/140a3681064f42ef36bfb5f5781510cb38929857/dataset_cruxeval_transformation_new_sample_714.py-5cb388d17ef2e67e4121a7b15ad28e8bc66d591e743951d693f489d219cbc7f8.log
dataset/cruxeval_transformation_new/sample_718.py-e841e6fec950004df07d1b6e0cc049b1b625ddfc2f96296d5214e7b0f36fd3e1,4,0,0,5,2,1,3,existing_benchmarks//cruxeval/140a3681064f42ef36bfb5f5781510cb38929857/dataset_cruxeval_transformation_new_sample_718.py-e841e6fec950004df07d1b6e0cc049b1b625ddfc2f96296d5214e7b0f36fd3e1.log
dataset/cruxeval_transformation_new/sample_719.py-eb7459b152e7abe33a2a90842497db7b294a67f8fcbd4d232f1d606778fef7e8,4,0,0,6,3,1,0,existing_benchmarks//cruxeval/140a3681064f42ef36bfb5f5781510cb38929857/dataset_cruxeval_transformation_new_sample_719.py-eb7459b152e7abe33a2a90842497db7b294a67f8fcbd4d232f1d606778fef7e8.log
dataset/cruxeval_transformation_new/sample_726.py-f3fad69cde934d4c8a6dfab6ae9fe56e4ed2a4401b3485390a35cebac8081bec,7,1,3,5,4,1,0,existing_benchmarks//cruxeval/140a3681064f42ef36bfb5f5781510cb38929857/dataset_cruxeval_transformation_new_sample_726.py-f3fad69cde934d4c8a6dfab6ae9fe56e4ed2a4401b3485390a35cebac8081bec.log
dataset/cruxeval_transformation_new/sample_735.py-17e6cf199a6bcb595aece8d073c402ce3b39cfb800e574ff57266e8cd369267f,5,2,1,5,5,0,0,existing_benchmarks//cruxeval/140a3681064f42ef36bfb5f5781510cb38929857/dataset_cruxeval_transformation_new_sample_735.py-17e6cf199a6bcb595aece8d073c402ce3b39cfb800e574ff57266e8cd369267f.log
dataset/cruxeval_transformation_new/sample_738.py-730883a01a336e4a450d9b8b345df191270a3cfe7866017b1c508d7f9dec8c61,6,1,0,7,2,1,3,existing_benchmarks//cruxeval/140a3681064f42ef36bfb5f5781510cb38929857/dataset_cruxeval_transformation_new_sample_738.py-730883a01a336e4a450d9b8b345df191270a3cfe7866017b1c508d7f9dec8c61.log
dataset/cruxeval_transformation_new/sample_741.py-845c5fb624b56242261548b3e84328f33e51167608905dc2457d0ff103166960,6,2,1,6,4,1,0,existing_benchmarks//cruxeval/140a3681064f42ef36bfb5f5781510cb38929857/dataset_cruxeval_transformation_new_sample_741.py-845c5fb624b56242261548b3e84328f33e51167608905dc2457d0ff103166960.log
dataset/cruxeval_transformation_new/sample_743.py-1111d4dffc8a2a599a7ff35823a35245f8c85e3ec44a37de911c475b767be7fc,3,0,0,5,3,1,2,existing_benchmarks//cruxeval/140a3681064f42ef36bfb5f5781510cb38929857/dataset_cruxeval_transformation_new_sample_743.py-1111d4dffc8a2a599a7ff35823a35245f8c85e3ec44a37de911c475b767be7fc.log
dataset/cruxeval_transformation_new/sample_744.py-c20654790b545acf708dd031e10438469eeea77dd353bee280643a604f0fdca8,3,0,0,5,8,0,0,existing_benchmarks//cruxeval/140a3681064f42ef36bfb5f5781510cb38929857/dataset_cruxeval_transformation_new_sample_744.py-c20654790b545acf708dd031e10438469eeea77dd353bee280643a604f0fdca8.log
dataset/cruxeval_transformation_new/sample_745.py-0c10d18e021798b24dd4ad78201cecf7844499bd971b59dcc4528dbf1dd2ff3d,6,2,1,6,4,1,0,existing_benchmarks//cruxeval/140a3681064f42ef36bfb5f5781510cb38929857/dataset_cruxeval_transformation_new_sample_745.py-0c10d18e021798b24dd4ad78201cecf7844499bd971b59dcc4528dbf1dd2ff3d.log
dataset/cruxeval_transformation_new/sample_748.py-66fb213835776e6c84b9cd0e553449e7bb1192054aba0e8e5910d8d054311da1,3,0,0,5,7,0,0,existing_benchmarks//cruxeval/140a3681064f42ef36bfb5f5781510cb38929857/dataset_cruxeval_transformation_new_sample_748.py-66fb213835776e6c84b9cd0e553449e7bb1192054aba0e8e5910d8d054311da1.log
dataset/cruxeval_transformation_new/sample_74.py-affab4b1284df0b51cb8e65f7b0d73e960be0a71e535fbdb62e728fcdc3efea4,3,0,0,5,8,0,0,existing_benchmarks//cruxeval/140a3681064f42ef36bfb5f5781510cb38929857/dataset_cruxeval_transformation_new_sample_74.py-affab4b1284df0b51cb8e65f7b0d73e960be0a71e535fbdb62e728fcdc3efea4.log
dataset/cruxeval_transformation_new/sample_757.py-b13386ef2293238dbac87742c82baa952fa1e5798a6ed0d423b15bb552139e6f,3,0,0,5,7,0,0,existing_benchmarks//cruxeval/140a3681064f42ef36bfb5f5781510cb38929857/dataset_cruxeval_transformation_new_sample_757.py-b13386ef2293238dbac87742c82baa952fa1e5798a6ed0d423b15bb552139e6f.log
dataset/cruxeval_transformation_new/sample_759.py-32e93f44728e099a8a834ed3038d7c43722766a5d72bf3e69ff3ac448bcbf2b4,6,3,3,4,4,0,0,existing_benchmarks//cruxeval/140a3681064f42ef36bfb5f5781510cb38929857/dataset_cruxeval_transformation_new_sample_759.py-32e93f44728e099a8a834ed3038d7c43722766a5d72bf3e69ff3ac448bcbf2b4.log
dataset/cruxeval_transformation_new/sample_761.py-caa89d990bc3f9802cc366cd5ae7fda0dd2d6f3988687ae99cf2b7f2fc1b48ab,3,0,0,5,7,0,0,existing_benchmarks//cruxeval/140a3681064f42ef36bfb5f5781510cb38929857/dataset_cruxeval_transformation_new_sample_761.py-caa89d990bc3f9802cc366cd5ae7fda0dd2d6f3988687ae99cf2b7f2fc1b48ab.log
dataset/cruxeval_transformation_new/sample_762.py-01c06b69ef164f7441f6b58c7e8146665f29cd56609743ef283bf773473e0572,3,0,0,5,2,1,5,existing_benchmarks//cruxeval/140a3681064f42ef36bfb5f5781510cb38929857/dataset_cruxeval_transformation_new_sample_762.py-01c06b69ef164f7441f6b58c7e8146665f29cd56609743ef283bf773473e0572.log
dataset/cruxeval_transformation_new/sample_773.py-dc41c30c5248c99dc4f7cc837f13efabb7b04b722a067873271606170f3fe960,3,0,0,5,8,0,0,existing_benchmarks//cruxeval/140a3681064f42ef36bfb5f5781510cb38929857/dataset_cruxeval_transformation_new_sample_773.py-dc41c30c5248c99dc4f7cc837f13efabb7b04b722a067873271606170f3fe960.log
dataset/cruxeval_transformation_new/sample_774.py-f47d76873566574576936d0cf6b41b5008931c351138dacaaeb213fc1bf70130,3,0,0,6,7,0,0,existing_benchmarks//cruxeval/140a3681064f42ef36bfb5f5781510cb38929857/dataset_cruxeval_transformation_new_sample_774.py-f47d76873566574576936d0cf6b41b5008931c351138dacaaeb213fc1bf70130.log
dataset/cruxeval_transformation_new/sample_776.py-4e9214dc706cdf2a6788709ead92339f8afdd509af21b72e53324e3bf6f36fa0,7,3,6,5,2,0,0,existing_benchmarks//cruxeval/140a3681064f42ef36bfb5f5781510cb38929857/dataset_cruxeval_transformation_new_sample_776.py-4e9214dc706cdf2a6788709ead92339f8afdd509af21b72e53324e3bf6f36fa0.log
dataset/cruxeval_transformation_new/sample_777.py-ffc9fad372c9108cd448a1516749d703c2d8bccab3ae4d3514c776fb070e3257,7,3,1,7,3,0,2,existing_benchmarks//cruxeval/140a3681064f42ef36bfb5f5781510cb38929857/dataset_cruxeval_transformation_new_sample_777.py-ffc9fad372c9108cd448a1516749d703c2d8bccab3ae4d3514c776fb070e3257.log
dataset/cruxeval_transformation_new/sample_77.py-fed11328cf826e6aca33efcf9023669d579a2f6d49001294397da0164828f048,3,0,0,5,5,1,5,existing_benchmarks//cruxeval/140a3681064f42ef36bfb5f5781510cb38929857/dataset_cruxeval_transformation_new_sample_77.py-fed11328cf826e6aca33efcf9023669d579a2f6d49001294397da0164828f048.log
dataset/cruxeval_transformation_new/sample_780.py-3fecffc0de8ed96243cb9afc08878b3ed477fad2de70188f5b1261a06b2e59ce,8,2,0,10,4,1,2,existing_benchmarks//cruxeval/140a3681064f42ef36bfb5f5781510cb38929857/dataset_cruxeval_transformation_new_sample_780.py-3fecffc0de8ed96243cb9afc08878b3ed477fad2de70188f5b1261a06b2e59ce.log
dataset/cruxeval_transformation_new/sample_782.py-0229ad5141bbb77bb81382310ca02fdeadcd0feefdeeb97808cb9c2bde98ff1c,7,2,6,5,2,0,0,existing_benchmarks//cruxeval/140a3681064f42ef36bfb5f5781510cb38929857/dataset_cruxeval_transformation_new_sample_782.py-0229ad5141bbb77bb81382310ca02fdeadcd0feefdeeb97808cb9c2bde98ff1c.log
dataset/cruxeval_transformation_new/sample_789.py-fbefe321d647130290d2178aa00088715d0eaa73eeae07810c7075f8af6ec856,8,3,1,8,7,1,0,existing_benchmarks//cruxeval/140a3681064f42ef36bfb5f5781510cb38929857/dataset_cruxeval_transformation_new_sample_789.py-fbefe321d647130290d2178aa00088715d0eaa73eeae07810c7075f8af6ec856.log
dataset/cruxeval_transformation_new/sample_790.py-b8e377787e3108288d2836bb37ad04c28409788fb60a113f5c0297373bf79008,3,0,0,5,6,0,0,existing_benchmarks//cruxeval/140a3681064f42ef36bfb5f5781510cb38929857/dataset_cruxeval_transformation_new_sample_790.py-b8e377787e3108288d2836bb37ad04c28409788fb60a113f5c0297373bf79008.log
dataset/cruxeval_transformation_new/sample_792.py-26005b42da8cd88705533962dca61e1022dc969a76ef8a26d808c99f11a28757,10,3,3,5,4,0,0,existing_benchmarks//cruxeval/140a3681064f42ef36bfb5f5781510cb38929857/dataset_cruxeval_transformation_new_sample_792.py-26005b42da8cd88705533962dca61e1022dc969a76ef8a26d808c99f11a28757.log
dataset/cruxeval_transformation_new/sample_7.py-8dd2f14f55336b0dacedfa78d96e44ea9567f31444cde50b63d30dff7ccb0ace,8,3,2,7,2,0,2,existing_benchmarks//cruxeval/140a3681064f42ef36bfb5f5781510cb38929857/dataset_cruxeval_transformation_new_sample_7.py-8dd2f14f55336b0dacedfa78d96e44ea9567f31444cde50b63d30dff7ccb0ace.log
dataset/cruxeval_transformation_new/sample_82.py-592dc050830f51a6021c100f121eeceeb651e640436ecb2856d2b77c13a24541,3,0,0,5,6,0,0,existing_benchmarks//cruxeval/140a3681064f42ef36bfb5f5781510cb38929857/dataset_cruxeval_transformation_new_sample_82.py-592dc050830f51a6021c100f121eeceeb651e640436ecb2856d2b77c13a24541.log
dataset/cruxeval_transformation_new/sample_89.py-fc50e7917b85899921b9a654454fa291712883ab6d33116b315a398c1fa7911a,13,4,3,4,2,0,0,existing_benchmarks//cruxeval/140a3681064f42ef36bfb5f5781510cb38929857/dataset_cruxeval_transformation_new_sample_89.py-fc50e7917b85899921b9a654454fa291712883ab6d33116b315a398c1fa7911a.log
dataset/cruxeval_transformation_new/sample_92.py-7e7c015c1bf3b658fb9cf39bd0ea157ceb11e3d3939f460947515ac962c237ae,3,0,0,5,7,0,0,existing_benchmarks//cruxeval/140a3681064f42ef36bfb5f5781510cb38929857/dataset_cruxeval_transformation_new_sample_92.py-7e7c015c1bf3b658fb9cf39bd0ea157ceb11e3d3939f460947515ac962c237ae.log
dataset/cruxeval_transformation_new/sample_97.py-2b17b3bef136e9b08bb00163653a1b4a455147e1c1e9053a6bb8d85f1d9e290a,6,2,3,3,4,0,0,existing_benchmarks//cruxeval/140a3681064f42ef36bfb5f5781510cb38929857/dataset_cruxeval_transformation_new_sample_97.py-2b17b3bef136e9b08bb00163653a1b4a455147e1c1e9053a6bb8d85f1d9e290a.log
